Cycle,G_loss,D_loss,Real_score,Fake_score
0,0.3733936548233032,2.7505147457122803,-1.0883710384368896,-1.052255392074585
1,0.7017500400543213,1.0682833194732666,1.2028870582580566,1.3031082153320312
2,2.7315773963928223,0.6515141725540161,1.4373152256011963,0.8445945382118225
3,2.850731372833252,0.1574920415878296,0.7267404794692993,0.31227296590805054
4,2.5795347690582275,0.2048991620540619,0.5605900883674622,0.35733723640441895
5,3.5367376804351807,0.2067480981349945,0.6838627457618713,0.431146502494812
6,4.175421714782715,0.12624645233154297,0.8649460673332214,0.3162599802017212
7,4.7087483406066895,0.2115294635295868,0.7416386604309082,0.3717237710952759
8,4.26499080657959,0.12760064005851746,0.725273847579956,0.22557806968688965
9,5.8784379959106445,0.11655817925930023,0.8588057160377502,0.29818081855773926
10,3.225316047668457,0.08758561313152313,0.8028225898742676,0.05880534276366234
11,11.539403915405273,0.2312767058610916,0.9502601623535156,0.5629086494445801
12,0.23619425296783447,0.4135310649871826,0.711732029914856,-0.803781270980835
13,3.9977807998657227,1.2782808542251587,1.1693553924560547,1.543726921081543
14,2.9543981552124023,0.11266017705202103,0.7070320248603821,-0.15245205163955688
15,1.9763896465301514,0.08064759522676468,0.7732580304145813,0.11963961273431778
16,4.987992763519287,0.11045613884925842,0.9737836718559265,0.33190977573394775
17,0.29656094312667847,0.11876504123210907,0.9053890705108643,-0.3556278347969055
18,9.303631782531738,0.7318947315216064,1.0795081853866577,1.1700338125228882
19,0.25507986545562744,0.9108836054801941,0.47030824422836304,-1.2164227962493896
20,1.387979507446289,0.48579972982406616,1.1081236600875854,0.9421969652175903
21,2.4412834644317627,0.048080772161483765,1.033263921737671,0.10782332718372345
22,1.2496411800384521,0.06925864517688751,0.8404638767242432,-0.23076458275318146
23,1.2928953170776367,0.06691654026508331,0.8806700110435486,0.21207502484321594
24,2.284396171569824,0.056960638612508774,0.9930553436279297,0.20978297293186188
25,1.442705512046814,0.033009208738803864,0.8890141844749451,-0.07394704222679138
26,3.969453811645508,0.09082481265068054,0.9920545220375061,0.36111387610435486
27,0.2865769863128662,0.1216876208782196,0.8321492671966553,-0.4076083302497864
28,8.081202507019043,0.6026321649551392,1.1115646362304688,1.0679161548614502
29,0.5449591875076294,0.8460231423377991,0.5994405746459961,-1.2223516702651978
30,0.6225528717041016,0.16698729991912842,1.085233449935913,0.5244901776313782
31,1.8768317699432373,0.09454428404569626,0.9895828366279602,0.3729565739631653
32,1.6340770721435547,0.02668539434671402,0.8904925584793091,-0.11103436350822449
33,1.046644926071167,0.022226737812161446,0.9514984488487244,-0.04916714131832123
34,1.2153000831604004,0.03499136120080948,0.9747414588928223,0.166347935795784
35,1.6087650060653687,0.021829307079315186,0.9882860779762268,0.11070474237203598
36,1.3906028270721436,0.024650920182466507,0.8794326782226562,0.006993635091930628
37,2.2129464149475098,0.04148119315505028,0.9357651472091675,0.20799782872200012
38,1.8185982704162598,0.02122359350323677,0.9217432737350464,0.008123451843857765
39,8.31136417388916,0.12875241041183472,1.0162519216537476,0.47080448269844055
40,0.013066940009593964,0.6007763147354126,0.7112395763397217,-1.0437977313995361
41,2.0870540142059326,0.6381457448005676,1.3232989311218262,1.0609254837036133
42,2.154756546020508,0.05280036851763725,0.738671064376831,-0.08598911762237549
43,0.992588996887207,0.048805058002471924,0.7504384517669678,-0.10999016463756561
44,1.970621943473816,0.07156579196453094,1.0444331169128418,0.31631141901016235
45,1.6818876266479492,0.02380312792956829,0.9020392298698425,-0.012657418847084045
46,1.9150965213775635,0.0269192885607481,0.9566012024879456,0.13036444783210754
47,3.4662485122680664,0.042696110904216766,0.95833420753479,0.19983342289924622
48,0.8296483159065247,0.03931499272584915,0.8426485061645508,-0.14881587028503418
49,14.564958572387695,0.5263808369636536,1.0112810134887695,1.006067156791687
50,0.21518510580062866,1.5322978496551514,0.5177510976791382,-1.6764562129974365
51,0.40749838948249817,0.23996993899345398,1.159999966621399,0.6289985179901123
52,1.5347288846969604,0.12613846361637115,1.1360105276107788,0.43461722135543823
53,1.5889086723327637,0.03454877436161041,0.782253623008728,-0.06483587622642517
54,1.074916124343872,0.021400345489382744,0.8730982542037964,-0.054332491010427475
55,1.0678963661193848,0.02625427395105362,0.9994528293609619,0.15433065593242645
56,1.3274991512298584,0.024487238377332687,0.9587551951408386,0.14047333598136902
57,1.377912163734436,0.012721596285700798,0.9536103010177612,0.0558764785528183
58,1.380967617034912,0.01106029562652111,0.9828794002532959,0.06789453327655792
59,1.4774054288864136,0.018984857946634293,0.9263832569122314,0.10213333368301392
60,2.0972604751586914,0.0271109901368618,0.9707580804824829,0.1598268747329712
61,1.5192140340805054,0.01869085617363453,0.879375696182251,-0.00410663615912199
62,6.777017593383789,0.12342612445354462,0.9892849922180176,0.4696010947227478
63,0.30083656311035156,0.5914221405982971,0.6917380094528198,-1.0301544666290283
64,0.876518726348877,0.20815734565258026,1.2230629920959473,0.580378532409668
65,2.074631690979004,0.0605771467089653,1.0759460926055908,0.30938512086868286
66,1.2801367044448853,0.07569123059511185,0.6844601631164551,-0.19139519333839417
67,1.2069429159164429,0.03288893401622772,0.8663755655288696,0.15834233164787292
68,2.1964681148529053,0.03393208980560303,1.0342481136322021,0.20675206184387207
69,1.174725890159607,0.02724875509738922,0.9010175466537476,-0.1413261890411377
70,3.8700790405273438,0.10840631276369095,1.0672022104263306,0.43352699279785156
71,0.5699642896652222,0.20449967682361603,0.7503564357757568,-0.5726349353790283
72,2.5653882026672363,0.2274511605501175,1.0857768058776855,0.653327465057373
73,1.3830145597457886,0.06943167001008987,0.878420352935791,-0.3301389813423157
74,1.1095644235610962,0.01691211760044098,0.9505679607391357,0.11725839972496033
75,2.812407970428467,0.05632072687149048,0.9972075819969177,0.30307456851005554
76,0.7959182858467102,0.09058334678411484,0.8356668949127197,-0.3693278431892395
77,2.617866039276123,0.13414132595062256,1.061556339263916,0.4935317933559418
78,1.0794405937194824,0.07356760650873184,0.8851350545883179,-0.34383487701416016
79,2.175109624862671,0.06625991314649582,1.0127278566360474,0.333260178565979
80,1.0871917009353638,0.03450040519237518,0.8448153734207153,-0.16734512150287628
81,2.66819429397583,0.06778321415185928,1.0413234233856201,0.3362422585487366
82,0.7573549747467041,0.08383502811193466,0.7996901869773865,-0.3378210663795471
83,3.4160573482513428,0.16425281763076782,1.129995584487915,0.5390548706054688
84,0.964695930480957,0.21457776427268982,0.7748075127601624,-0.6063157320022583
85,0.7136459946632385,0.026541858911514282,1.1218914985656738,0.15420162677764893
86,1.4943928718566895,0.05705127492547035,1.020965814590454,0.32042595744132996
87,1.3225725889205933,0.0215827077627182,0.8441083431243896,-0.0864853635430336
88,1.0656771659851074,0.005574097856879234,0.9992346167564392,-0.006129520945250988
89,1.4072535037994385,0.015723522752523422,0.9986088871955872,0.15005087852478027
90,1.326704502105713,0.014199789613485336,0.8649101257324219,0.021676454693078995
91,2.2635605335235596,0.021057024598121643,1.0152544975280762,0.1740310788154602
92,1.135450005531311,0.010648979805409908,0.979332447052002,-0.09635670483112335
93,19.74433135986328,0.41719117760658264,0.9427516460418701,0.905194878578186
94,1.251234531402588,1.1703206300735474,0.33933931589126587,-1.3755905628204346
95,0.3411065936088562,0.020079778507351875,1.1023790836334229,-0.09422706067562103
96,0.625179648399353,0.15920618176460266,1.3451138734817505,0.4209219813346863
97,1.0983879566192627,0.034275542944669724,0.9713643789291382,0.23844531178474426
98,1.1626825332641602,0.04221925884485245,0.7315915822982788,-0.005577418953180313
99,1.0602912902832031,0.007181353867053986,0.9398782849311829,-0.027511142194271088
100,1.0186902284622192,0.01126650720834732,1.0577428340911865,0.02319733425974846
101,1.0354368686676025,0.006593943107873201,1.0345473289489746,0.042210653424263
102,1.054887056350708,0.005909076426178217,0.9922757744789124,0.029381752014160156
103,1.0338741540908813,0.006665332708507776,0.9671781063079834,0.0245803315192461
104,1.0153838396072388,0.005882408004254103,0.9486963152885437,0.03642641752958298
105,1.062117576599121,0.006885210983455181,1.025733470916748,0.04840243607759476
106,1.0783348083496094,0.004049393348395824,0.9947408437728882,0.021703261882066727
107,1.0542429685592651,0.00445217452943325,0.9736597537994385,0.018499426543712616
108,1.057727336883545,0.005000009201467037,1.003570556640625,0.03642533719539642
109,1.0321719646453857,0.007176992949098349,0.9255703091621399,0.032288745045661926
110,1.0786157846450806,0.006368404254317284,1.0040946006774902,0.05226600170135498
111,1.1225788593292236,0.005224375985562801,1.0080857276916504,0.03141571208834648
112,1.0785037279129028,0.004486463963985443,0.9575453400611877,0.018255088478326797
113,1.0813753604888916,0.005734437145292759,0.9524328708648682,0.047647301107645035
114,1.2050505876541138,0.006060271058231592,1.0381338596343994,0.0549970418214798
115,1.1431949138641357,0.006336843594908714,0.9336115717887878,0.015034493058919907
116,1.2957359552383423,0.0077979653142392635,1.0327155590057373,0.07203928381204605
117,1.2517457008361816,0.0062299431301653385,0.9291009306907654,0.027610886842012405
118,1.598109483718872,0.008729665540158749,0.9808824062347412,0.10113915801048279
119,1.503218412399292,0.004105573985725641,0.9786732196807861,0.018005914986133575
120,3.3638405799865723,0.030347110703587532,0.9235469102859497,0.21828794479370117
121,0.3244349956512451,0.12316188961267471,0.9202946424484253,-0.4838806390762329
122,4.130370140075684,0.36890146136283875,1.1755995750427246,0.8320605754852295
123,1.4631574153900146,0.44092878699302673,0.6269413828849792,-0.8577086925506592
124,0.5286610126495361,0.013493564911186695,1.0503700971603394,-0.11956006288528442
125,0.7891665697097778,0.08400628715753555,1.1783021688461304,0.34919679164886475
126,1.2436621189117432,0.017167797312140465,0.9694411754608154,0.16799204051494598
127,1.200057864189148,0.01691882126033306,0.8547016382217407,-0.05823393911123276
128,0.9935914874076843,0.005938034504652023,0.9492486119270325,-0.03967626020312309
129,1.0333898067474365,0.009406102821230888,1.0895910263061523,0.063050776720047
130,1.0995948314666748,0.004602358210831881,0.9865845441818237,0.045655250549316406
131,1.0869112014770508,0.003469708375632763,0.9632169604301453,0.022415371611714363
132,1.0678956508636475,0.007790906820446253,0.928497314453125,0.04546327143907547
133,1.26314115524292,0.008561152964830399,1.0609521865844727,0.08075766265392303
134,1.1980359554290771,0.006937453057616949,0.9071975946426392,0.024381782859563828
135,1.8447344303131104,0.015233366750180721,0.9733083248138428,0.15510022640228271
136,1.2365915775299072,0.006418008357286453,0.9321389198303223,-0.05340183898806572
137,11.32314395904541,0.18463344871997833,1.0276055335998535,0.6008191108703613
138,1.545786738395691,0.6348544359207153,0.5341732501983643,-1.0212795734405518
139,0.5291075706481934,0.03675680235028267,1.0646576881408691,-0.23890405893325806
140,0.5865486264228821,0.0873851552605629,1.300441026687622,0.2700962424278259
141,0.900436520576477,0.036064840853214264,0.9730899930000305,0.24952301383018494
142,1.0700633525848389,0.02138049714267254,0.8295254111289978,0.0736495852470398
143,1.0748481750488281,0.005571036133915186,0.9239315390586853,-0.005530537571758032
144,1.0913796424865723,0.008428750559687614,1.101210117340088,-0.004696637392044067
145,1.0132838487625122,0.005484914872795343,0.9340817928314209,-0.011536920443177223
146,0.9880061745643616,0.004027687944471836,1.0191781520843506,0.023061437532305717
147,0.9961308240890503,0.00474508386105299,0.9826580286026001,0.034924015402793884
148,1.0263155698776245,0.004280376713722944,1.008467435836792,0.028882460668683052
149,1.017223834991455,0.00450266245752573,0.9580428600311279,0.014827994629740715
150,0.9994316697120667,0.0031415093690156937,0.9745330810546875,0.019179606810212135
151,1.0444978475570679,0.004258887842297554,1.0554057359695435,0.02634785696864128
152,1.0125524997711182,0.004057537764310837,0.9372508525848389,0.005055641755461693
153,0.9994475245475769,0.0021757911890745163,0.9839941263198853,0.02124190330505371
154,1.0123114585876465,0.002544773742556572,0.9899156093597412,0.030445903539657593
155,1.0691840648651123,0.0035495120100677013,1.054553747177124,0.023677516728639603
156,1.0596065521240234,0.0025361981242895126,0.9874882698059082,-0.00013716157991439104
157,1.002711534500122,0.0038183098658919334,0.9575432538986206,0.006521481554955244
158,1.0020169019699097,0.0031646876595914364,0.9817678928375244,0.03759116679430008
159,1.0369377136230469,0.0036272581201046705,0.9734189510345459,0.039660267531871796
160,1.048846960067749,0.0025935836602002382,0.9697950482368469,0.024443963542580605
161,1.1073280572891235,0.004276085179299116,1.056587815284729,0.025137484073638916
162,1.0967481136322021,0.001628911355510354,1.0147072076797485,0.004187583923339844
163,1.006386399269104,0.00529974140226841,0.9193399548530579,0.016834944486618042
164,1.112504482269287,0.004342387430369854,1.0155850648880005,0.07099640369415283
165,1.1432664394378662,0.003522514831274748,0.9493035078048706,0.031319309026002884
166,1.1821513175964355,0.0026889722794294357,0.9854283332824707,0.0396849662065506
167,1.3419959545135498,0.004214393440634012,0.9915242195129395,0.06808038055896759
168,1.617218255996704,0.004739300813525915,0.9797316789627075,0.07281803339719772
169,2.124910354614258,0.0055888136848807335,0.9831563234329224,0.08482107520103455
170,2.381178379058838,0.014015236869454384,0.8666368722915649,0.07629212737083435
171,5.818645477294922,0.028565920889377594,0.965916633605957,0.2227606475353241
172,0.3798061013221741,0.402206689119339,0.8602361679077148,-0.8819430470466614
173,0.8120826482772827,0.1390914022922516,1.2655258178710938,0.44165563583374023
174,1.6239843368530273,0.03430885821580887,1.0846648216247559,0.2395067811012268
175,1.1384618282318115,0.07415296882390976,0.6526376605033875,-0.139190673828125
176,1.0128846168518066,0.006296982988715172,0.9819170236587524,0.08565893769264221
177,1.4599789381027222,0.013362215831875801,1.0222516059875488,0.14396637678146362
178,1.2719756364822388,0.004764231387525797,1.0117902755737305,-0.05127538740634918
179,1.4656379222869873,0.006813360378146172,1.0017640590667725,0.09338051080703735
180,2.046523094177246,0.008119920268654823,0.9708560705184937,0.09868817031383514
181,0.9774035215377808,0.015597641468048096,0.8476991653442383,-0.055017877370119095
182,22.249210357666016,0.44992077350616455,1.0121042728424072,0.9439252018928528
183,1.5658860206604004,1.013057827949524,0.29862648248672485,-1.2311331033706665
184,0.3981693983078003,0.02674560248851776,0.9662806987762451,-0.1861794888973236
185,0.48207905888557434,0.12681007385253906,1.307120442390442,0.37044695019721985
186,0.85386061668396,0.05694602429866791,0.9833439588546753,0.31249240040779114
187,1.022113561630249,0.05189484357833862,0.7073081731796265,0.08822585642337799
188,1.129999041557312,0.00871723610907793,1.0584170818328857,0.005160239990800619
189,1.0856235027313232,0.009051172994077206,0.9722520112991333,-0.044947300106287
190,1.0394675731658936,0.006147934589534998,1.05033540725708,-0.023219535127282143
191,1.0096533298492432,0.005999573972076178,1.02547287940979,-0.001293175620958209
192,0.9744287133216858,0.00464874180033803,0.9556106925010681,0.01371545996516943
193,0.9546602964401245,0.0050745499320328236,0.9497736692428589,0.03065093792974949
194,0.979230523109436,0.00465471250936389,0.9929668307304382,0.04063613340258598
195,1.01986563205719,0.003096525091677904,1.0095338821411133,0.028927762061357498
196,1.0286064147949219,0.004384723026305437,0.9920421838760376,0.00827539898455143
197,1.0254961252212524,0.0036968025378882885,1.0049268007278442,0.0032613901421427727
198,1.0179747343063354,0.0031733852811157703,1.0119863748550415,0.005918435752391815
199,1.0288450717926025,0.0036136179696768522,1.0290148258209229,0.009764494374394417
200,1.0023746490478516,0.003363856580108404,0.964740514755249,0.004689451307058334
201,1.0040216445922852,0.003061113879084587,1.012115716934204,0.017689291387796402
202,0.9540494680404663,0.00884078536182642,0.8892076015472412,0.01713431254029274
203,0.9854834079742432,0.003628079779446125,1.0173101425170898,0.043531596660614014
204,1.0637292861938477,0.00616226252168417,1.0654830932617188,0.027528025209903717
205,1.0323736667633057,0.004686432424932718,0.9493741989135742,-0.010109247639775276
206,0.9820659160614014,0.0026765200309455395,0.961560845375061,0.0058607254177331924
207,0.9858394861221313,0.003277254058048129,0.9965780377388,0.03420128673315048
208,1.035693645477295,0.0038735370617359877,1.0257072448730469,0.032307058572769165
209,1.0757358074188232,0.004112496972084045,1.0383838415145874,0.009508831426501274
210,0.9633710980415344,0.013238849118351936,0.8644840717315674,-0.008297545835375786
211,1.0025546550750732,0.005199558101594448,1.0497255325317383,0.05236116796731949
212,1.1011126041412354,0.004899307619780302,1.0722731351852417,0.03369805961847305
213,1.0332467555999756,0.005661086644977331,0.9141778349876404,-0.008508386090397835
214,0.9972386360168457,0.0025187714491039515,0.9719623327255249,0.03064211830496788
215,1.0610990524291992,0.004035300575196743,1.0016530752182007,0.055247947573661804
216,1.107401728630066,0.002633059397339821,1.006191372871399,0.02772384136915207
217,1.0439445972442627,0.0044546653516590595,0.9274306297302246,0.012041483074426651
218,1.1089439392089844,0.0034376964904367924,1.021545648574829,0.05269275978207588
219,1.24648118019104,0.007268800865858793,1.0998570919036865,0.03450305014848709
220,1.0208454132080078,0.011083796620368958,0.864403486251831,-0.013937229290604591
221,1.3101757764816284,0.012102847918868065,0.9613627195358276,0.13091151416301727
222,1.3179583549499512,0.004364457912743092,0.9554586410522461,0.015315171331167221
223,1.7030506134033203,0.007232856936752796,1.0504053831100464,0.08437880873680115
224,1.3953828811645508,0.003246484324336052,0.9641239047050476,-0.0015381157863885164
225,7.301612854003906,0.10301220417022705,0.9626308679580688,0.44729429483413696
226,1.4116032123565674,0.5551592111587524,0.6031979322433472,-0.9720532894134521
227,0.5533000826835632,0.041300784796476364,1.200764775276184,-0.175921231508255
228,0.6808285713195801,0.08583662658929825,1.3103502988815308,0.2578117251396179
229,0.9129914045333862,0.030175667256116867,0.8779721856117249,0.18543896079063416
230,0.9899972677230835,0.023924842476844788,0.8055205941200256,0.06264029443264008
231,1.0444570779800415,0.00442756712436676,0.9940851330757141,0.027949612587690353
232,1.0347775220870972,0.0034584628883749247,0.9739217758178711,0.002822974929586053
233,1.072439432144165,0.007062761578708887,1.0913177728652954,0.0073035419918596745
234,1.0279972553253174,0.003828645683825016,0.9637568593025208,-0.010979726910591125
235,1.0283937454223633,0.0029044002294540405,1.0476516485214233,0.010532239452004433
236,0.9993418455123901,0.0027629402466118336,0.965119481086731,0.010924944654107094
237,0.972020149230957,0.0036118305288255215,0.9520599246025085,0.02396789751946926
238,0.9886670708656311,0.002190918195992708,0.9857069849967957,0.03591897338628769
239,1.033062219619751,0.0025458799209445715,1.0128005743026733,0.028389476239681244
240,1.0597389936447144,0.001519078272394836,1.0197914838790894,0.006779305636882782
241,0.9987218379974365,0.0031491888221353292,0.941820502281189,-0.00499621219933033
242,0.9872444868087769,0.0017014718614518642,0.9953778982162476,0.026659101247787476
243,1.0064668655395508,0.0026361183263361454,0.9815952181816101,0.03206784650683403
244,1.0592360496520996,0.002434910275042057,1.0276916027069092,0.025176595896482468
245,1.0544030666351318,0.0030567036010324955,0.9967922568321228,0.00028117740293964744
246,1.0296186208724976,0.003764387918636203,0.996967077255249,0.008009404875338078
247,0.9886428117752075,0.005067930556833744,0.9407578110694885,0.024384234100580215
248,1.0501329898834229,0.002781044924631715,1.0139858722686768,0.050492726266384125
249,1.1342434883117676,0.003677910892292857,1.0482532978057861,0.025084905326366425
250,0.9627556800842285,0.016491184011101723,0.8419540524482727,-0.004579207859933376
251,1.1917444467544556,0.012484355829656124,1.1063849925994873,0.1005825474858284
252,1.1857855319976807,0.0026396657340228558,0.9762541055679321,-0.0011170633370056748
253,1.073420763015747,0.009092407301068306,0.8965909481048584,0.033026501536369324
254,1.5481197834014893,0.013892821967601776,0.9559026956558228,0.14157646894454956
255,1.3083810806274414,0.003120942274108529,1.0203500986099243,-0.03713817894458771
256,2.992560625076294,0.026607796549797058,1.0104272365570068,0.22245676815509796
257,0.2806136906147003,0.1205110028386116,0.844218373298645,-0.4615978002548218
258,3.8313302993774414,0.3318841755390167,1.195668339729309,0.78761887550354
259,1.415705680847168,0.41864803433418274,0.6170512437820435,-0.8255883455276489
260,0.5171564817428589,0.011352184228599072,0.9941935539245605,-0.13588812947273254
261,0.7788524627685547,0.09292860329151154,1.2684085369110107,0.32729727029800415
262,1.2023448944091797,0.014627915807068348,1.0088682174682617,0.16070438921451569
263,1.1599829196929932,0.015519203618168831,0.8449889421463013,-0.06087115406990051
264,0.9436919093132019,0.007554766722023487,0.8972846269607544,-0.041519105434417725
265,0.9916565418243408,0.006795200053602457,1.0810225009918213,0.06626026332378387
266,1.1122150421142578,0.003664255840703845,1.0505057573318481,0.04378918558359146
267,1.0740559101104736,0.002236675238236785,0.9666276574134827,-0.010815423913300037
268,1.025804042816162,0.0016910337144508958,0.9916098713874817,0.013178428635001183
269,0.998964250087738,0.005652246996760368,0.9223741292953491,0.04891059547662735
270,1.089897871017456,0.004913249984383583,0.957500696182251,0.07361581921577454
271,1.1393671035766602,0.005164480768144131,0.9341846108436584,0.04681597650051117
272,1.2617056369781494,0.0036464808508753777,1.0057156085968018,0.056971095502376556
273,1.591156005859375,0.00789643544703722,1.0701305866241455,0.07565230131149292
274,1.7505724430084229,0.006461004726588726,0.9356461763381958,0.06284789741039276
275,4.512346267700195,0.03231528773903847,0.8971332311630249,0.22413921356201172
276,0.9899504780769348,0.2868674099445343,0.8000935316085815,-0.7263308763504028
277,0.5564578771591187,0.030412929132580757,1.2333130836486816,0.003199267666786909
278,0.9446169137954712,0.07056931406259537,1.202465534210205,0.30626046657562256
279,1.2580897808074951,0.01036827266216278,0.9322861433029175,0.10276085138320923
280,1.0116050243377686,0.03842964768409729,0.7353888750076294,-0.045089252293109894
281,0.9556096792221069,0.0061624664813280106,0.9344178438186646,0.07313495129346848
282,1.219569444656372,0.008573103696107864,1.0495063066482544,0.10357518494129181
283,1.2421190738677979,0.003084003459662199,1.042954444885254,-0.018216557800769806
284,1.1111805438995361,0.0015538270818069577,1.0270476341247559,-0.007708466611802578
285,1.2170259952545166,0.007471501361578703,0.9315031170845032,0.08465993404388428
286,1.4546277523040771,0.004093751311302185,0.9684977531433105,0.06386544555425644
287,1.2817823886871338,0.002671614522114396,0.9593321084976196,0.0075672697275877
288,4.285690784454346,0.04016716405749321,0.9657669067382812,0.27494949102401733
289,1.0848164558410645,0.2807046175003052,0.786697268486023,-0.7152507901191711
290,0.6105490922927856,0.03371446207165718,1.243584156036377,-0.04568538814783096
291,0.8739452362060547,0.05264886096119881,1.200157642364502,0.24791692197322845
292,1.1207787990570068,0.012408317998051643,0.9193476438522339,0.1163378581404686
293,1.032137155532837,0.02279778942465782,0.7994402050971985,-0.0035814878065139055
294,0.9363060593605042,0.009118625894188881,0.8853985071182251,0.04014004021883011
295,1.0770878791809082,0.006689746864140034,1.034661054611206,0.0869031772017479
296,1.1834731101989746,0.0030995961278676987,1.0506458282470703,0.013646937906742096
297,1.0912295579910278,0.001928512123413384,1.0140928030014038,-0.03364773094654083
298,1.017830729484558,0.002204251941293478,0.9809739589691162,0.0193462073802948
299,1.138587474822998,0.004445765167474747,1.0175416469573975,0.06527870893478394
300,1.1293604373931885,0.003983563277870417,0.935894787311554,0.02125820890069008
301,1.1638351678848267,0.004635177552700043,0.9360684752464294,0.05247727781534195
302,1.4670058488845825,0.00451794546097517,1.0140024423599243,0.07808371633291245
303,1.2601298093795776,0.0017202610615640879,0.9739521145820618,-0.008166376501321793
304,4.189672470092773,0.04130970686674118,0.9624496102333069,0.27970099449157715
305,1.0823204517364502,0.24988149106502533,0.8063677549362183,-0.6769918203353882
306,0.6054282188415527,0.019730594009160995,1.1771918535232544,-0.04116411507129669
307,0.8511545658111572,0.04508604854345322,1.143185019493103,0.2546982765197754
308,1.1368541717529297,0.01266421563923359,0.9367358684539795,0.13525354862213135
309,1.1467547416687012,0.005759024061262608,0.9148521423339844,-0.007043861318379641
310,0.9968748092651367,0.004824056755751371,0.9202568531036377,-0.011662069708108902
311,1.053910255432129,0.0042707426473498344,1.034016728401184,0.059941403567790985
312,1.1179347038269043,0.0039062337018549442,0.9864516258239746,0.0335351824760437
313,1.153259038925171,0.0044666253961622715,1.0419938564300537,0.013239230960607529
314,1.0329242944717407,0.004735649563372135,0.9228126406669617,0.008635671809315681
315,1.255913496017456,0.005343849305063486,0.98695969581604,0.09131929278373718
316,1.2103465795516968,0.002393479226157069,0.9535385370254517,0.0069070840254426
317,1.5051223039627075,0.007796254009008408,0.9311550855636597,0.09188622236251831
318,1.7095803022384644,0.002679170574992895,1.0228939056396484,0.04179408401250839
319,4.600837707519531,0.029047023504972458,0.9354599118232727,0.2216585874557495
320,1.1618962287902832,0.2678321897983551,0.8185353875160217,-0.707183837890625
321,0.6172534227371216,0.021823924034833908,1.1850676536560059,-0.07344129681587219
322,0.8237897157669067,0.05293681472539902,1.2224972248077393,0.23059003055095673
323,1.0755525827407837,0.011955955997109413,0.9540603160858154,0.12559714913368225
324,1.0188367366790771,0.023360012099146843,0.7949109077453613,0.004572204314172268
325,0.9635862112045288,0.0051901815459132195,0.9271785020828247,0.036001816391944885
326,1.0831581354141235,0.008789975196123123,1.0827128887176514,0.06527725607156754
327,1.124916911125183,0.0014348524855449796,1.00916588306427,0.007326157763600349
328,1.039721965789795,0.0017480626702308655,0.9697352647781372,-0.009941667318344116
329,1.008350133895874,0.0033314405009150505,0.9564956426620483,0.042510539293289185
330,1.1504764556884766,0.0036371713504195213,1.0086580514907837,0.06938564777374268
331,1.145207405090332,0.0016379727749153972,0.9666087627410889,0.013867508620023727
332,1.1520967483520508,0.0032087822910398245,0.9496495127677917,0.04339879751205444
333,1.5884673595428467,0.006762892939150333,1.0546400547027588,0.09158429503440857
334,1.031403660774231,0.004809703677892685,0.9448220133781433,-0.06217484921216965
335,7.6680145263671875,0.12814219295978546,0.9932993054389954,0.503136396408081
336,1.4496114253997803,0.40757206082344055,0.5516719222068787,-0.7774651646614075
337,0.6449133157730103,0.024096382781863213,1.0956611633300781,-0.17517241835594177
338,0.7061959505081177,0.06542302668094635,1.283437967300415,0.20264726877212524
339,0.9356245398521423,0.016078749671578407,0.9938259720802307,0.16480234265327454
340,1.0041738748550415,0.016977351158857346,0.8335450887680054,0.04007367417216301
341,0.9920542240142822,0.004557655658572912,0.9250850677490234,0.00580971734598279
342,1.0087411403656006,0.001916216453537345,1.0216412544250488,0.012400070205330849
343,1.1006324291229248,0.011481699533760548,1.1414228677749634,0.005106914788484573
344,1.0372567176818848,0.00460892403498292,0.9302034378051758,-0.04020778089761734
345,0.9498143792152405,0.003238695440813899,0.9429835081100464,-0.009726465679705143
346,0.9411956667900085,0.002174212597310543,0.9950038194656372,0.033755186945199966
347,1.0195910930633545,0.0038524242118000984,1.0606286525726318,0.038222476840019226
348,1.029162883758545,0.001415590988472104,0.9698200225830078,-0.0013536125188693404
349,0.9989999532699585,0.0019228190649300814,0.9715181589126587,-0.006860776338726282
350,1.0102534294128418,0.0017506100703030825,1.0358829498291016,0.00749241653829813
351,0.9967514276504517,0.0017249787924811244,0.9750208854675293,0.002910503651946783
352,1.004697561264038,0.003453361801803112,1.0135501623153687,0.009110908955335617
353,0.9936923980712891,0.003821482416242361,0.9727374911308289,0.005853107664734125
354,0.9828776121139526,0.0017732855631038547,0.9799249172210693,0.011081273667514324
355,1.030069351196289,0.002756413770839572,1.0572378635406494,0.016269460320472717
356,1.0264862775802612,0.0013306820765137672,0.9853447675704956,-0.007981906644999981
357,0.9939544796943665,0.0014324660878628492,0.9757581949234009,-0.005032708868384361
358,0.9610042572021484,0.0018600807525217533,0.961592972278595,0.01145793218165636
359,0.9456154108047485,0.002823752583935857,0.948611855506897,0.028523996472358704
360,1.052367925643921,0.007454437669366598,1.104949712753296,0.03603183478116989
361,1.0810737609863281,0.001017498318105936,1.0133908987045288,-0.016979927197098732
362,0.981748640537262,0.00463550491258502,0.9198586940765381,-0.030328378081321716
363,0.9526095390319824,0.0012051428202539682,0.9970555305480957,0.01862955093383789
364,0.9863351583480835,0.0014378726482391357,1.0079901218414307,0.033989764750003815
365,1.0523685216903687,0.0022969678975641727,1.0446772575378418,0.017275119200348854
366,0.9990769624710083,0.00413296977058053,0.925879716873169,-0.015625569969415665
367,0.9967575669288635,0.001200683182105422,1.0247037410736084,0.011361916549503803
368,1.0505138635635376,0.002920192200690508,1.0668529272079468,0.012661267071962357
369,0.9688553810119629,0.006453529465943575,0.8932785391807556,-0.013031434267759323
370,0.9757146835327148,0.0017928964225575328,1.015512466430664,0.028541555628180504
371,0.9942306280136108,0.0023207487538456917,0.9772575497627258,0.025905977934598923
372,1.0165174007415771,0.0009180795168504119,0.9954609870910645,0.016386758536100388
373,1.067751169204712,0.003072585677728057,1.0604299306869507,0.006016098894178867
374,1.032202959060669,0.0031110490672290325,0.9860968589782715,-0.01799677312374115
375,0.9538083076477051,0.004534232430160046,0.935295045375824,0.0010752520756796002
376,0.9897692203521729,0.002428418956696987,1.0166679620742798,0.0416770800948143
377,1.0438289642333984,0.0009603630751371384,1.0082603693008423,0.024042870849370956
378,0.9948316216468811,0.003220561658963561,0.9304749965667725,-0.0017821018118411303
379,1.0545241832733154,0.0037129847332835197,1.0720189809799194,0.025140371173620224
380,1.055634617805481,0.0006916726706549525,1.0028629302978516,-0.0028816175181418657
381,1.000093936920166,0.0011400420917198062,0.9670000076293945,6.079673767089844e-05
382,1.0087934732437134,0.0012334478087723255,0.9882146716117859,0.032451797276735306
383,1.061488151550293,0.001234374358318746,0.997186541557312,0.03254544734954834
384,1.0414154529571533,0.0015582413179799914,0.957895040512085,0.011463923379778862
385,1.0539016723632812,0.0014533952344208956,0.9781941771507263,0.02968355268239975
386,1.152401089668274,0.001990360440686345,1.0390373468399048,0.03334931656718254
387,1.1014597415924072,0.0007665851153433323,0.9906902313232422,-0.0009218563791364431
388,1.1924676895141602,0.0022929366677999496,0.9845061898231506,0.049819402396678925
389,1.2377960681915283,0.005167223978787661,0.9159642457962036,0.0391695573925972
390,1.725122332572937,0.005275440867990255,1.0587220191955566,0.07268541306257248
391,0.8228510022163391,0.007091696839779615,1.001263976097107,-0.10768674314022064
392,11.593048095703125,0.16104534268379211,0.9183434247970581,0.5598189234733582
393,1.462148904800415,0.3873738646507263,0.6365405321121216,-0.7983531355857849
394,0.6138717532157898,0.021646510809659958,1.0725582838058472,-0.17822855710983276
395,0.7054128646850586,0.07976451516151428,1.3238716125488281,0.22276297211647034
396,0.9422022700309753,0.018327221274375916,0.9588788747787476,0.16527676582336426
397,0.9639941453933716,0.035893235355615616,0.7528705596923828,0.03596950322389603
398,0.9947780966758728,0.0016017756424844265,0.9840614795684814,0.025202937424182892
399,1.0459108352661133,0.003798631951212883,1.0480924844741821,0.009874498471617699
400,1.1087889671325684,0.00832263845950365,1.106044054031372,-0.01599949225783348
401,1.030559778213501,0.003955565392971039,0.9457130432128906,-0.04602057486772537
402,0.9156167507171631,0.006211875006556511,0.9029426574707031,-0.00826973281800747
403,0.9445961117744446,0.004338847938925028,1.0393006801605225,0.049595389515161514
404,1.037840485572815,0.004361257888376713,1.0557421445846558,0.03422320634126663
405,1.017427921295166,0.0049629840068519115,0.9339853525161743,-0.012398554012179375
406,1.0335930585861206,0.004542503040283918,1.0565624237060547,-0.0026424929965287447
407,1.0336635112762451,0.004709270317107439,1.0148831605911255,-0.010377173312008381
408,0.9945301413536072,0.0032978765666484833,0.9700977802276611,-0.010562081821262836
409,0.9562722444534302,0.002234170213341713,0.9581378102302551,0.009172307327389717
410,0.9975637197494507,0.0020852135494351387,1.0402532815933228,0.02807735651731491
411,0.9930790662765503,0.0022569899447262287,0.9511299133300781,0.007304600905627012
412,1.004056453704834,0.0011861363891512156,1.0093374252319336,0.009762724861502647
413,1.0111515522003174,0.0007791905663907528,1.0046907663345337,0.004046489484608173
414,1.0131824016571045,0.0007260655984282494,1.0050740242004395,-0.00010807323269546032
415,1.0220671892166138,0.0011940619442611933,1.0215975046157837,-0.0009059917647391558
416,0.980459451675415,0.002402321435511112,0.949674129486084,-0.004715726710855961
417,0.9979751110076904,0.0025160382501780987,1.0305275917053223,0.015819938853383064
418,0.9812685251235962,0.0038736339192837477,0.9546151161193848,0.007509175688028336
419,1.0065526962280273,0.0013624399434775114,1.0227625370025635,0.015809111297130585
420,1.0157318115234375,0.0013324308674782515,0.9977977871894836,0.0032938141375780106
421,1.014316201210022,0.0022630926687270403,1.0020639896392822,-0.002079930156469345
422,1.0293331146240234,0.0020160058047622442,1.035261631011963,-0.0009858726989477873
423,1.003331184387207,0.0008718197350390255,0.9774941205978394,-0.008025568909943104
424,0.9633835554122925,0.0018539725570008159,0.9564659595489502,0.005144685506820679
425,0.990709662437439,0.0015845876187086105,1.0209790468215942,0.02581973187625408
426,0.9977691769599915,0.0015057289274409413,0.9721261858940125,0.011557772755622864
427,1.0157835483551025,0.0009885061299428344,1.0126311779022217,0.009199235588312149
428,1.007594347000122,0.0008835350163280964,0.9857854843139648,-0.0003417145926505327
429,1.0027633905410767,0.0005931201740168035,0.9998749494552612,0.004250647034496069
430,1.05402410030365,0.0034588004928082228,1.074299693107605,0.007081054151058197
431,1.0343576669692993,0.0009554121643304825,0.9911783337593079,-0.01789011061191559
432,0.9463136196136475,0.004322839435189962,0.9168729782104492,-0.008225777186453342
433,0.9589437246322632,0.0012930382508784533,1.004751443862915,0.03664116561412811
434,1.0373497009277344,0.0019985332619398832,1.0419024229049683,0.030775161460042
435,1.032496690750122,0.001231035334058106,0.9708107709884644,-0.008607350289821625
436,0.9852341413497925,0.0011683311313390732,0.9670654535293579,-0.005285519175231457
437,0.967528223991394,0.0012555947760120034,0.9755463004112244,0.018440017476677895
438,1.0484230518341064,0.0038006436079740524,1.07297945022583,0.028350012376904488
439,1.0519721508026123,0.0004922519437968731,0.9953906536102295,-0.011660486459732056
440,0.9574099779129028,0.004357495810836554,0.916570782661438,-0.011466423980891705
441,0.9959354400634766,0.0024910173378884792,1.0451366901397705,0.03674166649580002
442,1.072155475616455,0.001726765651255846,1.0482113361358643,0.017556065693497658
443,1.058785319328308,0.0006562272319570184,1.007434606552124,-0.018183015286922455
444,0.9247188568115234,0.007035952061414719,0.8872119188308716,-0.009167568758130074
445,0.9426831007003784,0.003248214954510331,0.9644001722335815,0.06107494980096817
446,1.1210777759552002,0.006145386025309563,1.089281678199768,0.05371978133916855
447,1.0691486597061157,0.0028902473859488964,0.957106351852417,-0.033594727516174316
448,0.9814866185188293,0.0019579019863158464,0.977459192276001,-0.003369374666363001
449,1.0506408214569092,0.0023422138765454292,1.0349080562591553,0.0458567813038826
450,1.068497896194458,0.0011725788936018944,0.9711289405822754,0.016266901046037674
451,1.0775238275527954,0.0014803281519562006,1.0047500133514404,0.015026186592876911
452,1.0893176794052124,0.0013795646373182535,0.990451455116272,0.022664323449134827
453,1.083461046218872,0.0035059391520917416,0.9335955381393433,0.032545480877161026
454,1.3219413757324219,0.002844981150701642,1.0259602069854736,0.05994923785328865
455,1.108067512512207,0.0017155827954411507,0.9827771782875061,-0.02438810095191002
456,2.128870964050293,0.01205935887992382,0.9906594753265381,0.14268898963928223
457,0.6530729532241821,0.058443762362003326,0.8942524790763855,-0.3179932236671448
458,1.586525559425354,0.06765385717153549,1.144202709197998,0.3285723030567169
459,1.1104706525802612,0.022304929792881012,0.9587785005569458,-0.17254675924777985
460,1.0076518058776855,0.013057950884103775,0.8983640670776367,0.060424719005823135
461,1.6896142959594727,0.01056062150746584,0.9730380773544312,0.12954379618167877
462,0.9250589609146118,0.02204267308115959,1.0051144361495972,-0.20433053374290466
463,1.212827444076538,0.014813564717769623,1.0515350103378296,0.15501755475997925
464,1.2986505031585693,0.0010797425638884306,0.9798309803009033,0.0030136187560856342
465,1.0593798160552979,0.0034194430336356163,0.9331297278404236,-0.003078249515965581
466,3.5872247219085693,0.0276066642254591,1.0001235008239746,0.2295779287815094
467,1.270459771156311,0.16101431846618652,0.9657487869262695,-0.5644022226333618
468,0.6756447553634644,0.010020126588642597,1.0273714065551758,-0.13435374200344086
469,0.7788870930671692,0.030891399830579758,1.1715407371520996,0.17484401166439056
470,0.9836162328720093,0.010271519422531128,0.9520466327667236,0.12586849927902222
471,0.9915152192115784,0.014264247380197048,0.8398874402046204,0.022353477776050568
472,1.052451729774475,0.0025684607680886984,1.0521906614303589,0.020045213401317596
473,1.0160589218139648,0.002122393110767007,0.9571378231048584,-0.00940382294356823
474,1.0226765871047974,0.0013323682360351086,1.0339348316192627,0.008555285632610321
475,1.0278162956237793,0.0006768488674424589,1.011311411857605,0.004689913243055344
476,1.043786644935608,0.0011762644862756133,1.0349524021148682,0.0013154929038137197
477,0.9701762795448303,0.0031565004028379917,0.9278342723846436,-0.006565347779542208
478,0.9878602623939514,0.0012941344175487757,1.0152740478515625,0.02950628288090229
479,1.0152076482772827,0.0011154895182698965,0.9884834885597229,0.020070865750312805
